<?xml version="1.0" encoding="UTF-8"?>
<!DOCTYPE mapper
        PUBLIC "-//mybatis.org//DTD Mapper 3.0//EN"
        "http://mybatis.org/dtd/mybatis-3-mapper.dtd">
<mapper namespace="com.itheima.dao.IUserDao">
    <!--配置查询所有-->
    <select id="findAll" resultType="com.itheima.domain.User">
        select * from user
    </select>

    <!--    配置根据id查询用户信息-->
    <select id="findById" parameterType="int" resultType="com.itheima.domain.User">
        SELECT * from user where id=#{id};
    </select>
    <!--    配置根据username模糊查询用户信息-->
    <select id="findByUserame" resultType="com.itheima.domain.User" parameterType="String">
        select * from user where username like #{username};
    </select>
    <!--    配置使用聚合函数查询总人数-->
    <select id="findTotal" resultType="int">
        select count(id) from user;
    </select>
    <!--    配置保存用户-->
    <insert id="saveUser" parameterType="com.itheima.domain.User">
        insert into user(username,address,sex,birthday) values(#{username},#{address},#{sex},#{birthday});
    </insert>
    <!--    配置更新用户-->
    <update id="updateUser" parameterType="com.itheima.domain.User">
        update user set username=#{username},address=#{address},sex=#{sex},birthday=#{birthday} where id=#{id};
    </update>
    <!--    配置删除用户-->
    <delete id="deleteUser" parameterType="int">
        delete from user where id=#{id};
    </delete>
</mapper>