<?xml version="1.0" encoding="UTF-8"?>
<beans xmlns="http://www.springframework.org/schema/beans"
       xmlns:xsi="http://www.w3.org/2001/XMLSchema-instance"
       xmlns:p="http://www.springframework.org/schema/p"
       xmlns:aop="http://www.springframework.org/schema/aop"
       xmlns:context="http://www.springframework.org/schema/context"
       xsi:schemaLocation="http://www.springframework.org/schema/beans
       http://www.springframework.org/schema/beans/spring-beans.xsd
       http://www.springframework.org/schema/aop
        http://www.springframework.org/schema/aop/spring-aop.xsd
       http://www.springframework.org/schema/context
       http://www.springframework.org/schema/context/spring-context.xsd">


    <!--配置代理的service-->
    <bean id="proxyAccountService" factory-bean="beanFactory" factory-method="getAccountService"></bean>

    <!--<bean id="beanFactory" class="com.itheima.factory.BeanFactory">-->
        <!--&lt;!&ndash; 注入service &ndash;&gt;-->
        <!--<property name="accountService" ref="accountService"></property>-->
        <!--&lt;!&ndash; 注入事务管理器 &ndash;&gt;-->
        <!--<property name="txManager" ref="txManager"></property>-->
    <!--</bean>-->



    <!--配置QueryRunner-->
    <bean id="runner" class="org.apache.commons.dbutils.QueryRunner" scope="prototype"></bean>

    <bean id="dataSource" class="com.mchange.v2.c3p0.ComboPooledDataSource">
        <!--连接数据库的必备信息-->
        <property name="driverClass" value="com.mysql.jdbc.Driver"></property>
        <property name="jdbcUrl" value="jdbc:mysql://localhost:3306/learn"></property>
        <property name="user" value="root"></property>
        <property name="password" value="123456"></property>
    </bean>

    <!--&lt;!&ndash; 配置Connection的工具类 ConnectionUtils &ndash;&gt;-->
    <!--<bean id="connectionUtils" class="com.itheima.utils.ConnectionUtils">-->
        <!--&lt;!&ndash; 注入数据源&ndash;&gt;-->
        <!--<property name="dataSource" ref="dataSource"></property>-->
    <!--</bean>-->

    <!--&lt;!&ndash; 配置事务管理器&ndash;&gt;-->
    <!--<bean id="txManager" class="com.itheima.utils.TransactionManager">-->
        <!--&lt;!&ndash; 注入ConnectionUtils &ndash;&gt;-->
        <!--<property name="connectionUtils" ref="connectionUtils"></property>-->
    <!--</bean>-->

    <context:component-scan base-package="com.itheima"/>

    <!-- 开启spring对注解AOP的支持 -->
    <aop:aspectj-autoproxy/>

</beans>