<?xml version="1.0" encoding="utf-8" ?>
<!DOCTYPE mapper PUBLIC "-//mybatis.org//DTD Mapper 3.0//EN"
        "http://mybatis.org/dtd/mybatis-3-mapper.dtd" >
<mapper namespace="com.itheima.mapper.BankUserMapper">
    <select id="findAll" resultType="bankUser">
        select * from bankUser
    </select>

    <!--    配置保存用户-->
    <insert id="saveBankUser" parameterType="com.itheima.domain.BankUser">
        insert into bankUser(bankUserName,address,sex,birthday) values(#{username},#{address},#{sex},#{birthday});
    </insert>

    <!--    配置更新用户-->
    <update id="updateBankUser" parameterType="com.itheima.domain.BankUser">
        update  bankUser set bankUserName=#{bankUserName},address=#{address},sex=#{sex},birthday=#{birthday} where id=#{id};
    </update>

    <!--    配置根据id查询用户信息-->
    <select id="findById" parameterType="String" resultType="com.itheima.domain.BankUser">
        SELECT * from bankUser where id=#{id};
    </select>
    
    <select id="findByBankUserame" parameterType="String" resultType="com.itheima.domain.BankUser">
        select * from bankUser where bankUserName like  #{bankUserName}
    </select>
    
    <select id="findTotal" resultType="int">
        SELECT count(id) from bankUser
    </select>

    <select id="deleteBankUser" parameterType="int" >
        DELETE FROM bankUser where id=#{id}
    </select>


</mapper>