<?xml version="1.0" encoding="UTF-8"?>
<beans xmlns="http://www.springframework.org/schema/beans"
       xmlns:xsi="http://www.w3.org/2001/XMLSchema-instance" xmlns:p="http://www.springframework.org/schema/p"
       xsi:schemaLocation="http://www.springframework.org/schema/beans
       http://www.springframework.org/schema/beans/spring-beans.xsd">

    <!-- 被代理的目标对象 -->
    <bean id="target" class="com.proxystart.mathoperation.Math"></bean>
    <!--通知、横切逻辑-->
    <bean id = "advice" class="com.proxystart.aop.TimeSpanAdvice"></bean>

    <!--代理对象 -->
    <!--interceptorNames 通知数组 -->
    <!--p:target-ref 被代理的对象-->
    <!--p:proxyTargetClass 被代理对象是否为一个类，如果是则使用cglib,否则使用jdk动态代理  -->
    <bean id = "proxy" class="org.springframework.aop.framework.ProxyFactoryBean"
          p:interceptorNames="advice"
          p:target-ref="target"
          p:proxyTargetClass="true"></bean>
    <!--注意在xml文件前面加 xmlns:p="http://www.springframework.org/schema/p"-->



    <!--配置代理的service-->
    <bean id="proxyAccountService" factory-bean="beanFactory" factory-method="getAccountService"></bean>

    <bean id="beanFactory" class="com.itheima.factory.BeanFactory">
        <!-- 注入service -->
        <property name="accountService" ref="accountService"></property>
        <!-- 注入事务管理器 -->
        <property name="txManager" ref="txManager"></property>
    </bean>

    <!-- 配置Service -->
    <bean id="accountService" class="com.itheima.service.impl.AccountServiceImpl">
        <!-- 注入dao -->
        <property name="accountDao" ref="accountDao"></property>
    </bean>

    <!--配置Dao对象-->
    <bean id="accountDao" class="com.itheima.dao.impl.AccountDaoImpl">
        <!-- 注入QueryRunner -->
        <property name="runner" ref="runner"></property>
        <!-- 注入ConnectionUtils -->
        <property name="connectionUtils" ref="connectionUtils"></property>
    </bean>

    <!--配置QueryRunner-->
    <bean id="runner" class="org.apache.commons.dbutils.QueryRunner" scope="prototype"></bean>

    <!-- 配置数据源 -->
    <bean id="dataSource" class="com.mchange.v2.c3p0.ComboPooledDataSource">
        <!--连接数据库的必备信息-->
        <property name="driverClass" value="com.mysql.jdbc.Driver"></property>
        <property name="jdbcUrl" value="jdbc:mysql://localhost:3306/learn"></property>
        <property name="user" value="root"></property>
        <property name="password" value="123456"></property>
    </bean>

    <!-- 配置Connection的工具类 ConnectionUtils -->
    <bean id="connectionUtils" class="com.itheima.utils.ConnectionUtils">
        <!-- 注入数据源-->
        <property name="dataSource" ref="dataSource"></property>
    </bean>

    <!-- 配置事务管理器-->
    <bean id="txManager" class="com.itheima.utils.TransactionManager">
        <!-- 注入ConnectionUtils -->
        <property name="connectionUtils" ref="connectionUtils"></property>
    </bean>


</beans>